N,config,dim,quspin_mean_seconds,quspin_std_seconds
8,U1,70,2.9551800005833682e-05,8.619966500924432e-06
8,U1+T(k=0),9,3.273290000151974e-05,5.587777925219301e-06
8,U1+T(k=0)+P(p=1),6,3.777800000364096e-05,9.099107464434621e-06
10,U1,252,2.5994999998601997e-05,3.0530773535258143e-06
10,U1+T(k=0),26,4.2526299998257856e-05,4.735289291989636e-06
10,U1+T(k=0)+P(p=1),16,5.1661199992736326e-05,5.14268324459662e-06
12,U1,924,3.4148300008496336e-05,4.450610097081545e-06
12,U1+T(k=0),76,6.998210000404015e-05,1.0724909965315594e-05
12,U1+T(k=0)+P(p=1),33,9.039989999735099e-05,4.4773548574003515e-06
14,U1,3432,4.635999999607066e-05,2.6849887611281475e-06
14,U1+T(k=0),246,0.00018789899999944738,6.61464879390141e-06
14,U1+T(k=0)+P(p=1),113,0.00028948700000341887,4.386126633659759e-06
16,U1,12870,0.00013114500000028785,3.893289587055854e-06
16,U1+T(k=0),809,0.0007195427999960203,3.128625366891068e-05
16,U1+T(k=0)+P(p=1),422,0.00117153699999335,1.3582879720969477e-05
