N,config,dim,symbasis_mean_seconds,symbasis_std_seconds,xdiag_mean_seconds,xdiag_std_seconds
8,U1,70,7.6479e-6,1.1546433691356344e-5,3.736e-6,6.979508881162215e-6
8,U1+T(k=0),9,1.3058700000000001e-5,1.66085478597953e-5,0.0001825939,0.00046086838069946226
8,U1+T(k=0)+P(p=1),6,0.00010419639999999999,0.00012332922206498975,0.0001044476,6.307413777135602e-5
10,U1,252,1.0420299999999999e-5,1.049254521659174e-5,3.876e-6,6.098504151748106e-6
10,U1+T(k=0),26,0.0007389959,0.0007958496965180535,8.94104e-5,2.5163033893215484e-5
10,U1+T(k=0)+P(p=1),16,0.0005926220999999999,0.0006603462871181805,0.0001725849,3.492880416393069e-5
12,U1,924,2.29644e-5,1.1937826437188826e-5,5.1706e-6,6.72816154846346e-6
12,U1+T(k=0),76,7.74702e-5,6.824348932853105e-5,0.0003817225,0.0004570466058769183
12,U1+T(k=0)+P(p=1),33,0.00028215740000000003,0.00025625480143499533,0.0003849788,3.2781292733644416e-5
14,U1,3432,0.0004566972,0.0007434296661179038,7.5859e-6,7.915319119698628e-6
14,U1+T(k=0),246,0.000118847,2.7045651238025105e-5,0.0008425736,6.410629165205063e-5
14,U1+T(k=0)+P(p=1),113,0.0001576369,3.0215837956828757e-5,0.001066677,4.841268617257717e-5
16,U1,12870,0.00029640540000000005,4.552591202869465e-5,7.564e-6,6.934096480436365e-6
16,U1+T(k=0),809,0.000332308,5.3616372567839145e-5,0.0032618255,8.210695244110979e-5
16,U1+T(k=0)+P(p=1),422,0.0006648654,0.00011393976650766941,0.0038114088,9.84713985703463e-5
